feature,abs_corr,in_top60,in_top80,is_strata,selected_for_augmentation
road_gap_clip,0.7529807330422577,True,True,False,False
area_gap_clip,0.6856001534924127,True,True,False,False
bldg_gap_clip,0.6824707672201334,True,True,False,False
rural_x_bldg_clip,0.5323816891733874,True,True,False,False
poi_gap_clip,0.5180303732682844,True,True,False,False
ghcn_temp_stations_in_tract,0.28253996109154506,True,True,True,False
fod_fires,0.2771043445875753,True,True,True,False
rural_continuous,0.2754683734546849,True,True,False,False
pct_urban,0.2754683734546848,True,True,True,False
rucc_2023,0.2644765245376186,True,True,True,False
rural_indicator,0.26265373109394907,True,True,False,False
bldg_road_diff,0.26157385548217094,True,True,False,False
fod_large_fires,0.2584474460371396,True,True,True,False
mtbs_wildfire_fires,0.25838063288077684,True,True,True,False
nifc_wildfire_fires_wfigs,0.2570711474486108,True,True,True,False
mtbs_wildfire_last_year,0.2568067268121748,True,True,True,False
mtbs_wildfire_ever,0.2561655650931064,True,True,True,False
fod_natural_fires,0.25033318333254195,True,True,True,False
usfs_CFL_mean,0.24775314052053932,True,True,True,False
ghcn_stations_in_tract,0.23950452897499064,True,True,True,False
usfs_Exposure_mean,0.23747933542026872,True,True,True,False
ghcn_anchor_unreliable,0.23735257236221452,True,True,True,False
usfs_FLEP4_mean,0.23586532558169243,True,True,True,False
rucc_metro,0.2326735115152694,True,True,True,False
usgs_last_year_burned,0.22753466706702782,True,True,True,False
usgs_wildfire_ever,0.2264242434212354,True,True,True,False
usgs_first_year_burned,0.2254486315609695,True,True,True,False
tiger_road_knn5_mean,0.2247715695631762,True,True,False,False
nifc_wildfire_last_year,0.22298232739706622,True,True,True,False
nifc_wildfire_ever,0.22260075458399037,True,True,True,False
usgs_wildfire_return_interval_years,0.2218290783185923,True,True,True,False
usfs_CRPS_mean,0.21852831186538726,True,True,True,False
nifc_wildfire_fires,0.2174344359324438,True,True,True,False
carbonplan_crps_mean,0.21066126127455545,True,True,True,False
nchs_2013,0.21062074973835648,True,True,True,False
fod_human_fires,0.2065995599220973,True,True,True,False
compound_risk,0.20458775548188884,True,True,False,False
pop_urban,0.20282543708605147,True,True,True,False
usgs_wildfire_fires_per_burned_pixel,0.20278827886869213,True,True,True,False
pct_urban_x_bldg,0.19690422743505726,True,True,False,False
road_gap_abs,0.1957909509176642,True,True,False,False
pop_rural,0.19068221009904565,True,True,True,False
fod_largest_fire_acres,0.18951366823128463,True,True,True,False
tiger_road,0.18811166226523404,True,True,False,False
nifc_wildfire_fires_history,0.18574124986985469,True,True,True,False
bldg_road_product,0.18178586118987158,True,True,False,False
cvi_baseline_environment,0.18083533283244912,True,True,True,False
rural_x_risk,0.17917529865775655,True,True,False,False
source_coverage_fraction_x_bldg,0.17537140422377084,True,True,False,False
uhe_covered,0.17428725720495888,True,True,True,False
source_diversity_entropy_x_bldg,0.1719341539343576,True,True,False,False
all_19_sources_covered,0.16898974005457965,True,True,False,False
all_sources_covered,0.16898974005457965,True,True,False,False
carbonplan_bp_2011_mean,0.1671464719822879,True,True,True,False
cvi_x_bldg,0.16619068616217098,True,True,False,False
ALAND,0.16618931060281478,True,True,True,False
usfs_BP_mean,0.16469534307481537,True,True,True,False
carbonplan_bp_2011_median,0.16029953957525273,True,True,True,False
uhe_overlap_frac,0.15924883054853872,True,True,True,False
carbonplan_rps_2011_mean,0.1584987967709697,True,True,True,False
rural_x_road,0.155726553880849,False,True,False,False
carbonplan_rps_2011_median,0.1541241688612685,False,True,True,False
road_gap_knn20_diff,0.15256257386206248,False,True,False,False
usfs_BuildingCover_mean,0.15022869466912878,False,True,True,False
ruca_secondary,0.1492862833627378,False,True,True,False
ruca_primary,0.1492006536575136,False,True,True,False
ghcn_prcp_nearest_km,0.14812358185531163,False,True,True,False
usfs_BuildingCount_sum,0.14556473394500039,False,True,True,False
ov_road_knn5_mean,0.14289545725293634,False,True,False,False
ms_bldg_knn5_mean,0.14128370471045626,False,True,False,False
usfs_RPS_mean,0.14036669990449593,False,True,True,False
ghcn_temp_within_25km,0.13923264072753383,False,True,True,False
tribal_x_rural,0.13859841274760237,False,True,False,False
ghcn_any_nearest_km,0.1370626443751864,False,True,True,False
mtbs_wildfire_burned_km2,0.13516287598919585,False,True,True,False
bldg_minus_area_gap,0.13511578143547445,False,True,False,False
usfs_FLEP8_mean,0.1341497917847429,False,True,True,False
cvi_baseline_infrastructure,0.13355376420229595,False,True,True,False
road_gap_knn10_diff,0.13266685674301182,False,True,False,False
carbonplan_bp_2047_mean,0.13244460831642108,False,True,True,False
svi_x_bldg,0.12777643720818027,False,False,False,False
ov_bldg_knn5_mean,0.1275769462745577,False,False,False,False
carbonplan_buildings,0.1262351615998479,False,False,True,True
carbonplan_rps_2047_mean,0.12527896437115374,False,False,True,True
fod_acres_ignited,0.12433377561975967,False,False,True,True
bldg_county_loo_smooth,0.12334700547854573,False,False,False,False
ghcn_temp_nearest_km,0.11810433743514362,False,False,True,True
nifc_wildfire_burned_km2,0.11784261868605947,False,False,True,False
mtbs_wildfire_burned_pct_land,0.1162723293412449,False,False,True,True
usfs_BuildingDensity_mean,0.11583545735341498,False,False,True,True
tribal_legal,0.11503555691452841,False,False,True,True
cvi_climate_extreme_events,0.1133508480513462,False,False,True,True
uhe_covered_null,0.11237347677606599,False,False,False,False
cvi_baseline_health,0.11047223849942892,False,False,True,True
ghcn_any_within_25km,0.10899201319980271,False,False,True,True
usgs_wildland_fire_burned_pct_area,0.10860178023641798,False,False,True,True
road_gap_knn5_diff,0.10852248046121522,False,False,False,False
mtbs_years_since_wildfire,0.10508428175312502,False,False,True,True
tribal_legal_pct,0.1043073986936973,False,False,True,True
svi_minority,0.1029732854152989,False,False,True,True
cvi_climate,0.10166674319696965,False,False,True,True
road_gap_county_dev,0.101106266623717,False,False,False,False
fod_last_fire_year,0.09917492655117273,False,False,True,True
bldg_ms_ml_fraction,0.09893065028177679,False,False,False,False
fod_ever,0.09879520326911298,False,False,True,False
pop_total,0.09649938572578658,False,False,True,True
wf_x_bldg,0.0953920610708846,False,False,False,False
usgs_wildfire_burned_pct_area,0.09515797593806206,False,False,True,False
svi_pop,0.09382191661325336,False,False,True,False
poi_low_conf_fraction,0.0933566246788211,False,False,False,False
housing_units_knn5_mean,0.09210222685392606,False,False,False,False
tribal_any,0.09110745847340501,False,False,True,True
poi_cnt_knn20_mean,0.08943702191892171,False,False,False,False
bldg_gap_abs,0.08852439534173555,False,False,False,False
usfs_WHP_mean,0.08765016669380367,False,False,True,True
log_pop,0.08651953046618215,False,False,False,False
usgs_prescribed_burned_pct_area,0.08628292472286944,False,False,True,True
poi_cnt_knn10_mean,0.08553902795205746,False,False,False,False
usfs_PopCount_sum,0.08328086045919379,False,False,True,False
poi_cnt_knn5_mean,0.08174048425688502,False,False,False,False
poi_cnt_county_mean,0.08079805463687806,False,False,False,False
cvi_climate_socioeconomic,0.08045522990995883,False,False,True,False
fod_human_share,0.07862092677038414,False,False,True,False
pmdi_recent_percentile,0.07811968903092016,False,False,True,False
area_gap_abs,0.07674051779281654,False,False,False,False
nifc_wildfire_burned_pct_land,0.07668208902688946,False,False,True,False
cvi_overall,0.07653929148235587,False,False,True,False
housing_units,0.0756920411418384,False,False,False,False
spi03_summer_mean,0.07409431344786256,False,False,True,False
ms_bldg,0.07301872085431,False,False,False,False
tribal_pct,0.07224592794656863,False,False,True,False
pmdi_summer_mean,0.07170225044765834,False,False,True,False
ov_road,0.0708002928987598,False,False,False,False
fod_human_share_classified,0.07055258601065752,False,False,True,False
poi_mean_confidence,0.06866174809517214,False,False,False,False
rural_x_svi_x_bldg,0.06816333666647456,False,False,False,False
usfs_HUImpact_mean,0.0628715642670226,False,False,True,False
tiger_road_knn5_diff,0.061283797690761276,False,False,False,False
usfs_PopDen_mean,0.060360728746586455,False,False,True,False
ruca_pop_density,0.05854923811655537,False,False,True,False
bldg_source_diversity,0.05832311278284783,False,False,False,False
ov_bldg,0.05789254190519214,False,False,False,False
total_sources_covered,0.05779452026777805,False,False,False,False
source_coverage_fraction,0.05779452026777765,False,False,False,False
pmdi_mean,0.05762938001129401,False,False,True,False
hwd_heatindex_trend_days_per_decade,0.05676002635945237,False,False,True,False
road_gap_county_std,0.05622899315748332,False,False,False,False
hwd_heatindex_change,0.055967167022497114,False,False,True,False
poi_very_high_conf_fraction,0.055720555772720615,False,False,False,False
usfs_HUDen_mean,0.05559611858533353,False,False,True,False
uhe_wbgtmax28_days_per_yr,0.05484167596316118,False,False,True,False
hwd_heatstress_trend_days_per_decade,0.05141729495415527,False,False,True,False
spi12_winter_mean,0.04845702264941638,False,False,True,False
spi12_summer_mean,0.045590291659036566,False,False,True,False
hwd_maxtemp_mean,0.04450378607381841,False,False,True,False
hwd_heatindex_trend_p,0.043859866232897685,False,False,True,False
hwd_maxtemp_trend_p,0.04302136152949978,False,False,True,False
spi03_mean,0.042434214820788026,False,False,True,False
hwd_maxtemp_trend_days_per_decade,0.042273760911742286,False,False,True,False
source_diversity_entropy,0.041855231348801814,False,False,False,False
pmdi_winter_mean,0.04178699380763322,False,False,True,False
spi12_mean,0.04175344269129553,False,False,True,False
rural_x_area_gap,0.04102583973375697,False,False,False,False
tribal_x_bldg,0.0408634112848235,False,False,False,False
hwd_heatstress_change,0.04069870264216595,False,False,True,False
poi_cnt_county_std,0.040694153937615184,False,False,False,False
epht_heat_events_summer,0.039557033165475174,False,False,True,False
rural_x_bldg,0.03936666094287316,False,False,False,False
hwd_maxtemp_change,0.03909523516688468,False,False,True,False
hwd_heatindex_mean,0.03772903904995528,False,False,True,False
mtbs_prescribed_burned_pct_land,0.037562182111102654,False,False,True,False
building_gap_county_dev,0.0374992215265637,False,False,False,False
cvi_baseline,0.037440338853503806,False,False,True,False
pmdi_pct_months_severe,0.03706810586600846,False,False,True,False
svi_covered,0.0370638668362293,False,False,True,False
epht_heat_days_summer,0.0368110182002808,False,False,True,False
cvi_baseline_socioeconomic,0.03678331388588577,False,False,True,False
fod_ignition_density,0.035665094971297974,False,False,True,False
usdm_covered,0.03516615057617564,False,False,True,False
mtbs_covered,0.03516615057617564,False,False,True,False
fod_covered,0.03516615057617564,False,False,True,False
nifc_covered,0.03516615057617564,False,False,True,False
bldg_osm_fraction,0.0351570226396108,False,False,False,False
building_gap_knn20_diff,0.034545596674007896,False,False,False,False
pmdi_covered_null,0.03449779941783159,False,False,False,False
pmdi_covered,0.03449779941783158,False,False,True,False
epht_heat_days_annual,0.034443732391064484,False,False,True,False
cvi_climate_health,0.03440615916407101,False,False,True,False
hwd_heatstress_trend_p,0.033965804459201374,False,False,True,False
usgs_years_since_last_fire,0.03329697692781778,False,False,True,False
cdcw_covered,0.032341498968671875,False,False,True,False
usfs_covered,0.032341498968671875,False,False,True,False
cdcw_covered_null,0.032341498968671716,False,False,False,False
usfs_covered_null,0.032341498968671716,False,False,False,False
usfs_HUCount_sum,0.032037494435144934,False,False,True,False
poi_cnt_knn20_diff,0.031021329656706,False,False,False,False
building_gap_knn10_diff,0.030828257429926783,False,False,False,False
hwd_heatstress_never_defined,0.03077744131646822,False,False,True,False
poi_cnt_knn10_diff,0.030626183706064434,False,False,False,False
gehe_wbgt28_trend_days_per_yr,0.03054611452322548,False,False,True,False
poi_cnt_knn5_diff,0.030544049628657047,False,False,False,False
spi_covered,0.0304828856540908,False,False,True,False
spi_covered_null,0.030457384242463713,False,False,False,False
fod_cause_unknown_share,0.030224105156758635,False,False,True,False
svi_covered_null,0.029578069957057408,False,False,False,False
data_coverage_depth,0.029552643579481747,False,False,False,False
data_coverage_fraction,0.02955264357948131,False,False,False,False
usgs_wildfire_pct_area_2plus,0.029220992354418832,False,False,True,False
road_gap_knn20_mean,0.028601748137326202,False,False,False,False
nchs_covered,0.02835300970018272,False,False,True,False
nchs_covered_null,0.02835300970018269,False,False,False,False
usdm_covered_null,0.02790782619302451,False,False,False,False
nifc_covered_null,0.02790782619302451,False,False,False,False
mtbs_covered_null,0.02790782619302451,False,False,False,False
fod_covered_null,0.02790782619302451,False,False,False,False
building_gap_knn5_diff,0.027627892007568985,False,False,False,False
bldg_gap_sq,0.02719481996453866,False,False,False,False
building_gap_knn5_mean,0.026378382874225885,False,False,False,False
tribal_stat_pct,0.026256713470224936,False,False,True,False
building_gap_knn10_mean,0.025886299389732664,False,False,False,False
tribal_statistical,0.0256227841555577,False,False,True,False
usdm_summer_pct_d0plus,0.02516505086590622,False,False,True,False
bldg_x_area_gap,0.024648127836599795,False,False,False,False
nifc_years_since_wildfire,0.024500783435120094,False,False,True,False
AWATER,0.024360895818908067,False,False,True,False
poi_cnt_county_dev,0.02433400736756866,False,False,False,False
gehe_wbgt30_trend_days_per_yr,0.024022387118556025,False,False,True,False
svi_socioeconomic,0.02369945739905516,False,False,True,False
gehe_wbgt30_days_mean,0.023299782219267758,False,False,True,False
svi_household,0.023234927821145872,False,False,True,False
building_gap_knn20_mean,0.0226868740007845,False,False,False,False
gehe_wbgt30_days_change,0.02252962050946435,False,False,True,False
ov_bldg_knn5_diff,0.022099915314439313,False,False,False,False
gehe_coverage_frac,0.021555218952953915,False,False,True,False
bldg_total_sources,0.021355547180033754,False,False,False,False
uhe_wbgtmax30_days_per_yr,0.02033520668908272,False,False,True,False
nifc_prescribed_burned_pct_land,0.02001526174030754,False,False,True,False
building_gap_county_mean,0.01971919666512622,False,False,False,False
ov_road_knn5_diff,0.018896699262367346,False,False,False,False
road_gap_knn10_mean,0.017705007082620575,False,False,False,False
carbonplan_covered_null,0.017233536401885016,False,False,False,False
poi_cnt,0.016841942844693213,False,False,False,False
epht_covered_null,0.016545647121275462,False,False,False,False
usdm_winter_pct_d0plus,0.015998932686662866,False,False,True,False
usdm_winter_pct_d2plus,0.015443788243020253,False,False,True,False
svi_housing_transport,0.015072222013492481,False,False,True,False
ms_bldg_knn5_diff,0.014649496760119975,False,False,False,False
carbonplan_covered,0.013801815928171807,False,False,True,False
spi12_pct_months_d2,0.013508432357304874,False,False,True,False
epht_covered,0.01317875048099365,False,False,True,False
gehe_wbgt28_days_change,0.012790147150208752,False,False,True,False
usdm_winter_dsci,0.012711758689585207,False,False,True,False
usdm_summer_dsci,0.012330517216453936,False,False,True,False
hwd_heatindex_never_defined,0.012056928972738605,False,False,True,False
uhe_himax461_days_per_yr,0.01189532412948784,False,False,True,False
spi03_pct_months_d2,0.010787443075334923,False,False,True,False
poi_count_by_conf,0.009999779059952422,False,False,False,False
road_gap_county_mean,0.009875159335677581,False,False,False,False
spi03_winter_mean,0.009824315927788457,False,False,True,False
cvi_covered_null,0.00902318379659617,False,False,False,False
bldg_esri_fraction,0.008460975974775381,False,False,False,False
building_gap_county_std,0.008376814220493753,False,False,False,False
usfs_HURisk_mean,0.008185217061811412,False,False,True,False
hwd_heatstress_mean,0.0077028650537538604,False,False,True,False
bldg_source_diversity_x_bldg,0.0076593138025963636,False,False,False,False
usdm_summer_pct_d2plus,0.00686004483431471,False,False,True,False
gehe_wbgt32_days_change,0.006472130446682134,False,False,True,False
road_gap_knn5_mean,0.006306244709364824,False,False,False,False
gehe_wbgt28_days_mean,0.0057972921395682536,False,False,True,False
usfs_HUExposure_mean,0.005298543249175082,False,False,True,False
gehe_wbgt32_days_mean,0.005033922539559577,False,False,True,False
cvi_covered,0.004957977404346417,False,False,True,False
cvi_xwalk_coverage,0.004957977404346417,False,False,True,False
bldg_google_fraction,0.004372604623028039,False,False,False,False
svi_overall,0.003916991190898299,False,False,True,False
pmdi_mean_1895_2025,0.0037559245491957513,False,False,True,False
gehe_wbgt32_trend_days_per_yr,0.002563426596416091,False,False,True,False
gehe_covered_null,0.002536836116096422,False,False,False,False
gehe_covered,0.0025368361160964053,False,False,True,False
ruca_covered_null,0.0020125812743991894,False,False,False,False
ruca_covered,0.0020125812743991872,False,False,True,False
usgs_covered_null,0.0013849137112739687,False,False,False,False
usgs_covered,0.0013849137112739687,False,False,True,False
bldg_total_sources_x_bldg,0.0010568978609685705,False,False,False,False
bldg_per_housing,0.00025628335110155327,False,False,False,False
