feature,tribal_mean_shap,non_tribal_mean_shap,shap_difference,pct_of_total_bias,tribal_mean_abs_shap,non_tribal_mean_abs_shap
road_gap_clip,-0.0066170716,0.0009279287,-0.0075450004,85.77737,0.009762638,0.003182633
area_gap_clip,-0.00045325403,0.00014253288,-0.0005957869,6.7733636,0.003188491,0.003136652
bldg_road_diff,-0.00030320566,-9.567157e-06,-0.0002936385,3.3383083,0.0001600887,6.452995e-05
bldg_road_product,-0.0009934043,-0.00076074724,-0.00023265707,2.6450245,0.0002575332,0.00027805683
source_coverage_fraction_x_bldg,-0.0001547632,3.632803e-05,-0.00019109123,2.172472,1.2376198e-06,6.2114236e-07
poi_gap_clip,0.00020371,5.412383e-05,0.00014958618,-1.7006106,1.8670865e-07,3.6628927e-07
rural_x_bldg_clip,-9.621855e-05,-1.16778665e-05,-8.454068e-05,0.9611235,4.576297e-06,3.1460636e-06
cvi_x_bldg,-5.3933218e-06,4.428362e-05,-4.9676943e-05,0.5647657,9.109181e-07,6.8117544e-07
road_gap_abs,-0.00017573584,-0.00019847363,2.273779e-05,-0.2585007,3.6160154e-06,9.625929e-07
tiger_road,2.007369e-05,-1.5478164e-06,2.1621507e-05,-0.24580993,1.7405975e-05,5.367696e-06
rural_x_risk,-1.7630287e-05,3.4102977e-06,-2.1040585e-05,0.23920554,3.1214702e-06,1.3532234e-06
ALAND,-1.2523319e-05,1.6067771e-06,-1.4130096e-05,0.1606418,0.0,0.0
tiger_road_knn5_mean,2.1766524e-05,7.737864e-06,1.402866e-05,-0.15948859,0.00018166912,0.00017090725
pop_rural,4.976687e-06,-2.7339177e-06,7.710604e-06,-0.08766008,5.765984e-06,4.3548343e-06
pct_urban_x_bldg,9.5179585e-06,2.3692367e-06,7.148722e-06,-0.08127217,0.0,0.0
compound_risk,-2.3221346e-05,-3.0233332e-05,7.011986e-06,-0.07971765,0.0,0.0
fod_large_fires,-1.7420778e-06,-5.725603e-06,3.983525e-06,-0.045287777,0.0006070096,0.00050219503
fod_human_fires,2.7909728e-06,-1.0149486e-06,3.8059213e-06,-0.043268643,4.054102e-05,1.2014203e-05
usfs_CFL_mean,-2.3040736e-06,1.4879569e-06,-3.7920304e-06,0.043110717,0.00041535564,0.000107606684
pop_urban,2.5523798e-06,5.3856274e-06,-2.8332477e-06,0.03221054,6.071753e-06,6.2729655e-06
fod_fires,1.3957289e-06,-1.1786332e-06,2.574362e-06,-0.029267328,3.1120398e-06,3.804432e-06
usfs_BP_mean,2.7339402e-06,1.8360517e-07,2.550335e-06,-0.028994171,0.0011457705,0.0008047602
carbonplan_crps_mean,-3.5714847e-06,-1.0932322e-06,-2.4782526e-06,0.028174682,1.0599895e-06,3.9167608e-07
carbonplan_bp_2011_mean,5.1671367e-07,2.7645865e-06,-2.2478728e-06,0.025555547,2.7490194e-06,6.7923094e-07
rucc_2023,-1.6790755e-06,2.9134402e-08,-1.7082099e-06,0.019420244,2.1907658e-07,1.3055364e-07
nifc_wildfire_fires_wfigs,1.3662504e-06,-2.1538584e-07,1.5816363e-06,-0.017981257,2.5099216e-05,7.987409e-06
usfs_Exposure_mean,-8.014933e-07,7.7987903e-07,-1.5813723e-06,0.017978257,1.4312899e-06,6.858401e-07
cvi_baseline_environment,4.8360164e-07,2.0290138e-06,-1.5454121e-06,0.017569434,8.1337475e-06,5.552337e-06
ghcn_stations_in_tract,-9.2297e-07,-2.29484e-06,1.37187e-06,-0.015596474,1.893429e-06,7.665102e-07
usfs_CRPS_mean,-9.4136726e-07,2.651708e-07,-1.2065381e-06,0.013716852,4.5600154e-06,4.3287155e-06
usfs_FLEP4_mean,7.0786405e-07,1.7153437e-06,-1.0074797e-06,0.011453804,6.7146375e-06,2.57998e-06
nchs_2013,1.5165118e-06,6.323994e-07,8.841124e-07,-0.01005127,1.1476198e-05,1.0426363e-05
nifc_wildfire_last_year,3.391069e-07,-3.7888785e-07,7.1799474e-07,-0.008162716,0.0004843386,0.00025910203
usgs_wildfire_fires_per_burned_pixel,3.923131e-07,-3.1937643e-07,7.116895e-07,-0.008091033,1.3801859e-05,5.480939e-06
fod_natural_fires,1.4242106e-07,-4.811303e-07,6.235514e-07,-0.0070890123,2.5283923e-06,6.50019e-07
mtbs_wildfire_fires,1.4121554e-07,-2.2691673e-07,3.6813225e-07,-0.0041852104,4.5512184e-06,5.8718265e-06
usgs_last_year_burned,6.005827e-08,-2.4591773e-07,3.0597602e-07,-0.0034785706,4.2260832e-05,3.5095214e-05
uhe_overlap_frac,-3.8788514e-08,2.1955091e-07,-2.583394e-07,0.0029370012,2.1484028e-07,4.185395e-08
rural_continuous,7.3087176e-07,4.739393e-07,2.5693245e-07,-0.0029210057,5.1365673e-06,2.0922566e-06
nifc_wildfire_fires,-2.2137512e-07,-4.2449e-07,2.0311488e-07,-0.0023091661,1.6635493e-06,1.2618495e-06
ghcn_temp_stations_in_tract,-1.7024695e-07,-3.6307694e-07,1.9282999e-07,-0.0021922397,6.5164654e-06,3.8366766e-06
fod_largest_fire_acres,4.7640467e-07,3.7609905e-07,1.0030561e-07,-0.0011403514,1.0193762e-06,5.6702453e-07
mtbs_wildfire_last_year,-2.3983018e-10,-5.8089025e-08,5.7849196e-08,-0.00065767416,4.7388107e-06,2.3861758e-06
ghcn_anchor_unreliable,2.1191715e-08,-1.984296e-08,4.1034674e-08,-0.00046651377,1.001498e-06,5.6450926e-07
rucc_metro,0.0,0.0,0.0,-0.0,2.400551e-06,2.5211857e-06
rural_indicator,0.0,0.0,0.0,-0.0,0.0,0.0
all_19_sources_covered,0.0,0.0,0.0,-0.0,6.090626e-07,3.6798124e-07
uhe_covered,0.0,0.0,0.0,-0.0,2.7368977e-05,1.2069783e-05
